task,accuracy,f1_macro
sentiment,0.8068865380626427,0.615188425592073
star_rating,0.5308027380211574,0.43512553200264126
category,0.6212404065546567,0.3995940901209582
