task,mode,accuracy,f1_macro
sentiment,frozen,0.7556523542833437,0.5461003750245816
sentiment,finetuned,0.8046048537647791,0.5992310382720812
